us,us/op,op/us
1272259.504000,127.225950,0.007860
1267984.809000,126.798481,0.007887
1268943.661000,126.894366,0.007881
