us,us/op,op/us
1158711.424000,115.871142,0.008630
1147658.639000,114.765864,0.008713
1155672.282000,115.567228,0.008653
