us,us/op,op/us
1200938.797000,120.093880,0.008327
1200338.670000,120.033867,0.008331
1197224.099000,119.722410,0.008353
