us,us/op,op/us
1200010.619000,120.001062,0.008333
1207405.748000,120.740575,0.008282
1209602.606000,120.960261,0.008267
