us,us/op,op/us
1202844.503000,120.284450,0.008314
1187148.241000,118.714824,0.008424
1204942.350000,120.494235,0.008299
