us,us/op,op/us
1202673.719000,120.267372,0.008315
1201471.378000,120.147138,0.008323
1201497.527000,120.149753,0.008323
