us,us/op,op/us
1172718.788000,117.271879,0.008527
1182693.309000,118.269331,0.008455
1182377.758000,118.237776,0.008458
