us,us/op,op/us
1258230.333000,125.823033,0.007948
1253724.297000,125.372430,0.007976
1256561.877000,125.656188,0.007958
