us,us/op,op/us
1186717.100000,118.671710,0.008427
1176141.044000,117.614104,0.008502
1176358.747000,117.635875,0.008501
