us,us/op,op/us
1101297.626000,110.129763,0.009080
1096975.341000,109.697534,0.009116
1099014.813000,109.901481,0.009099
