us,us/op,op/us
1201291.756000,120.129176,0.008324
1201515.317000,120.151532,0.008323
1201335.225000,120.133523,0.008324
