us,us/op,op/us
1180315.462000,118.031546,0.008472
1179082.714000,117.908271,0.008481
1180385.907000,118.038591,0.008472
