us,us/op,op/us
1099223.216000,109.922322,0.009097
1100684.859000,110.068486,0.009085
1096907.550000,109.690755,0.009117
