us,us/op,op/us
1099301.669000,109.930167,0.009097
1096334.586000,109.633459,0.009121
1102416.411000,110.241641,0.009071
