us,us/op,op/us
1197236.310000,119.723631,0.008353
1204722.990000,120.472299,0.008301
1192188.109000,119.218811,0.008388
