us,us/op,op/us
1098902.218000,109.890222,0.009100
1099555.024000,109.955502,0.009095
1098990.660000,109.899066,0.009099
