us,us/op,op/us
1198457.214000,119.845721,0.008344
1203473.581000,120.347358,0.008309
1195551.016000,119.555102,0.008364
