us,us/op,op/us
1099050.991000,109.905099,0.009099
1097021.664000,109.702166,0.009116
1090157.129000,109.015713,0.009173
