us,us/op,op/us
1197520.207000,119.752021,0.008351
1189954.039000,118.995404,0.008404
1185215.223000,118.521522,0.008437
