us,us/op,op/us
1236623.026000,123.662303,0.008087
1234868.821000,123.486882,0.008098
1232907.099000,123.290710,0.008111
