us,us/op,op/us
1200445.340000,120.044534,0.008330
1201248.819000,120.124882,0.008325
1184947.114000,118.494711,0.008439
