us,us/op,op/us
1203019.513000,120.301951,0.008312
1201259.396000,120.125940,0.008325
1199271.239000,119.927124,0.008338
