us,us/op,op/us
1173047.754000,117.304775,0.008525
1171917.530000,117.191753,0.008533
1172531.827000,117.253183,0.008529
