us,us/op,op/us
1201404.270000,120.140427,0.008324
1204195.114000,120.419511,0.008304
1200330.939000,120.033094,0.008331
