us,us/op,op/us
1194009.272000,119.400927,0.008375
1201992.924000,120.199292,0.008320
1203157.342000,120.315734,0.008311
