us,us/op,op/us
1259000.503000,125.900050,0.007943
1258184.016000,125.818402,0.007948
1254667.963000,125.466796,0.007970
