us,us/op,op/us
1225058.708000,122.505871,0.008163
1223731.704000,122.373170,0.008172
1224461.197000,122.446120,0.008167
