us,us/op,op/us
1263511.325000,126.351132,0.007914
1248704.851000,124.870485,0.008008
1249247.000000,124.924700,0.008005
