us,us/op,op/us
1204004.997000,120.400500,0.008306
1195840.077000,119.584008,0.008362
1199552.697000,119.955270,0.008336
