us,us/op,op/us
1203264.545000,120.326454,0.008311
1202217.402000,120.221740,0.008318
1203500.616000,120.350062,0.008309
