us,us/op,op/us
1205182.482000,120.518248,0.008297
1203844.880000,120.384488,0.008307
1194117.190000,119.411719,0.008374
