us,us/op,op/us
1270824.691000,127.082469,0.007869
1269099.799000,126.909980,0.007880
1251086.798000,125.108680,0.007993
