us,us/op,op/us
1257532.902000,125.753290,0.007952
1259991.360000,125.999136,0.007937
1260025.757000,126.002576,0.007936
