us,us/op,op/us
1099191.412000,109.919141,0.009098
1096883.880000,109.688388,0.009117
1110758.541000,111.075854,0.009003
