us,us/op,op/us
1079854.077000,107.985408,0.009261
1093974.174000,109.397417,0.009141
1090301.746000,109.030175,0.009172
