us,us/op,op/us
1097871.964000,109.787196,0.009109
1093151.204000,109.315120,0.009148
1099860.270000,109.986027,0.009092
