us,us/op,op/us
1093525.633000,109.352563,0.009145
1095046.936000,109.504694,0.009132
1090460.886000,109.046089,0.009170
