us,us/op,op/us
1103591.262000,110.359126,0.009061
1095161.673000,109.516167,0.009131
1099288.319000,109.928832,0.009097
