us,us/op,op/us
1262173.148000,126.217315,0.007923
1262279.042000,126.227904,0.007922
1269979.096000,126.997910,0.007874
