us,us/op,op/us
1258398.934000,125.839893,0.007947
1259656.314000,125.965631,0.007939
1264748.750000,126.474875,0.007907
