us,us/op,op/us
1185308.388000,118.530839,0.008437
1201316.065000,120.131606,0.008324
1201010.682000,120.101068,0.008326
