us,us/op,op/us
1265620.715000,126.562072,0.007901
1266502.248000,126.650225,0.007896
1262319.775000,126.231977,0.007922
