us,us/op,op/us
1257912.117000,125.791212,0.007950
1258277.730000,125.827773,0.007947
1256755.114000,125.675511,0.007957
