us,us/op,op/us
1197292.597000,119.729260,0.008352
1200508.174000,120.050817,0.008330
1209135.955000,120.913596,0.008270
