us,us/op,op/us
1202779.611000,120.277961,0.008314
1201395.125000,120.139512,0.008324
1201309.474000,120.130947,0.008324
