us,us/op,op/us
1202323.142000,120.232314,0.008317
1204449.772000,120.444977,0.008303
1200989.248000,120.098925,0.008326
