us,us/op,op/us
1253779.024000,125.377902,0.007976
1261949.722000,126.194972,0.007924
1259628.213000,125.962821,0.007939
