us,us/op,op/us
1183495.720000,118.349572,0.008450
1197926.169000,119.792617,0.008348
1191861.382000,119.186138,0.008390
