us,us/op,op/us
1098498.022000,109.849802,0.009103
1100601.625000,110.060163,0.009086
1097975.159000,109.797516,0.009108
