us,us/op,op/us
1202423.093000,120.242309,0.008317
1202091.365000,120.209136,0.008319
1201934.906000,120.193491,0.008320
