us,us/op,op/us
1178125.594000,117.812559,0.008488
1188202.142000,118.820214,0.008416
1180430.762000,118.043076,0.008471
