us,us/op,op/us
1157882.921000,115.788292,0.008636
1162166.829000,116.216683,0.008605
1159419.039000,115.941904,0.008625
