us,us/op,op/us
1268208.351000,126.820835,0.007885
1271480.457000,127.148046,0.007865
1265605.632000,126.560563,0.007901
