us,us/op,op/us
1235114.857000,123.511486,0.008096
1226990.463000,122.699046,0.008150
1232135.043000,123.213504,0.008116
