us,us/op,op/us
1231246.556000,123.124656,0.008122
1236156.834000,123.615683,0.008090
1231999.563000,123.199956,0.008117
