us,us/op,op/us
1237345.216000,123.734522,0.008082
1246983.388000,124.698339,0.008019
1258804.216000,125.880422,0.007944
