us,us/op,op/us
1204510.811000,120.451081,0.008302
1202637.245000,120.263725,0.008315
1200019.699000,120.001970,0.008333
