us,us/op,op/us
1098225.137000,109.822514,0.009106
1099545.896000,109.954590,0.009095
1099544.014000,109.954401,0.009095
