us,us/op,op/us
1192528.451000,119.252845,0.008386
1199260.592000,119.926059,0.008338
1200589.916000,120.058992,0.008329
