us,us/op,op/us
1196718.920000,119.671892,0.008356
1196794.531000,119.679453,0.008356
1203540.946000,120.354095,0.008309
