us,us/op,op/us
1200563.109000,120.056311,0.008329
1203001.725000,120.300173,0.008313
1200279.641000,120.027964,0.008331
