us,us/op,op/us
1102146.718000,110.214672,0.009073
1098596.151000,109.859615,0.009103
1095752.311000,109.575231,0.009126
