us,us/op,op/us
1084417.632000,108.441763,0.009222
1101666.678000,110.166668,0.009077
1108515.551000,110.851555,0.009021
