us,us/op,op/us
1210522.489000,121.052249,0.008261
1194741.903000,119.474190,0.008370
1187143.462000,118.714346,0.008424
