us,us/op,op/us
1181475.510000,118.147551,0.008464
1187482.980000,118.748298,0.008421
1191859.133000,119.185913,0.008390
