us,us/op,op/us
1099438.732000,109.943873,0.009096
1097513.850000,109.751385,0.009112
1091338.101000,109.133810,0.009163
