us,us/op,op/us
1269252.921000,126.925292,0.007879
1270215.427000,127.021543,0.007873
1265274.304000,126.527430,0.007903
