us,us/op,op/us
1193014.310000,119.301431,0.008382
1199969.023000,119.996902,0.008334
1198410.559000,119.841056,0.008344
