us,us/op,op/us
1187054.406000,118.705441,0.008424
1203286.868000,120.328687,0.008311
1203317.173000,120.331717,0.008310
