us,us/op,op/us
428052793.152000,42805.279315,0.000023
426770370.832000,42677.037083,0.000023
429207487.274000,42920.748727,0.000023
