us,us/op,op/us
428052793.152000,42805.279315,0.000023
