us,us/op,op/us
440867910.299000,44086.791030,0.000023
450686494.034000,45068.649403,0.000022
449696650.876000,44969.665088,0.000022
