us,us/op,op/us
260692861.697000,26069.286170,0.000038
260010893.435000,26001.089344,0.000038
267156108.331000,26715.610833,0.000037
