us,us/op,op/us
234846535.982000,23484.653598,0.000043
234240111.887000,23424.011189,0.000043
234955175.529000,23495.517553,0.000043
